{
  "model_comparison": {
    "logistic_regression": {
      "accuracy": 0.7076923076923077,
      "precision": 0.8181818181818182,
      "recall": 0.8333333333333334,
      "f1": 0.8256880733944955,
      "auc": 0.3417508417508417,
      "avg_precision": 0.7769964362461383,
      "brier_score": 0.2594919570592484
    },
    "random_forest": {
      "accuracy": 0.7230769230769231,
      "precision": 0.8214285714285714,
      "recall": 0.8518518518518519,
      "f1": 0.8363636363636363,
      "auc": 0.45959595959595956,
      "avg_precision": 0.8267271810077554,
      "brier_score": 0.27394711218365225
    },
    "lightgbm": {
      "accuracy": 0.7230769230769231,
      "precision": 0.8214285714285714,
      "recall": 0.8518518518518519,
      "f1": 0.8363636363636363,
      "auc": 0.81986531986532,
      "avg_precision": 0.9656829852873692,
      "brier_score": 0.24778120457932917
    },
    "xgboost": {
      "accuracy": 0.8,
      "precision": 0.8360655737704918,
      "recall": 0.9444444444444444,
      "f1": 0.8869565217391304,
      "auc": 0.7474747474747475,
      "avg_precision": 0.9480431305356026,
      "brier_score": 0.18199606382645017
    }
  },
  "metadata": {
    "feature_names": [
      "age",
      "age_group",
      "gender_encoded",
      "comorbidity_count",
      "charlson_score",
      "has_diabetes",
      "has_hypertension",
      "has_heart_failure",
      "has_copd",
      "heart_rate_7d_mean",
      "heart_rate_7d_std",
      "heart_rate_7d_trend",
      "heart_rate_7d_count",
      "systolic_bp_7d_mean",
      "systolic_bp_7d_std",
      "systolic_bp_7d_trend",
      "systolic_bp_7d_count",
      "diastolic_bp_7d_mean",
      "diastolic_bp_7d_std",
      "diastolic_bp_7d_trend",
      "diastolic_bp_7d_count",
      "weight_7d_mean",
      "weight_7d_std",
      "weight_7d_trend",
      "weight_7d_count",
      "spo2_7d_mean",
      "spo2_7d_std",
      "spo2_7d_trend",
      "spo2_7d_count",
      "respiratory_rate_7d_mean",
      "respiratory_rate_7d_std",
      "respiratory_rate_7d_trend",
      "respiratory_rate_7d_count",
      "temperature_7d_mean",
      "temperature_7d_std",
      "temperature_7d_trend",
      "temperature_7d_count",
      "heart_rate_14d_mean",
      "heart_rate_14d_std",
      "heart_rate_14d_trend",
      "heart_rate_14d_count",
      "systolic_bp_14d_mean",
      "systolic_bp_14d_std",
      "systolic_bp_14d_trend",
      "systolic_bp_14d_count",
      "diastolic_bp_14d_mean",
      "diastolic_bp_14d_std",
      "diastolic_bp_14d_trend",
      "diastolic_bp_14d_count",
      "weight_14d_mean",
      "weight_14d_std",
      "weight_14d_trend",
      "weight_14d_count",
      "spo2_14d_mean",
      "spo2_14d_std",
      "spo2_14d_trend",
      "spo2_14d_count",
      "respiratory_rate_14d_mean",
      "respiratory_rate_14d_std",
      "respiratory_rate_14d_trend",
      "respiratory_rate_14d_count",
      "temperature_14d_mean",
      "temperature_14d_std",
      "temperature_14d_trend",
      "temperature_14d_count",
      "heart_rate_30d_mean",
      "heart_rate_30d_std",
      "heart_rate_30d_trend",
      "heart_rate_30d_count",
      "systolic_bp_30d_mean",
      "systolic_bp_30d_std",
      "systolic_bp_30d_trend",
      "systolic_bp_30d_count",
      "diastolic_bp_30d_mean",
      "diastolic_bp_30d_std",
      "diastolic_bp_30d_trend",
      "diastolic_bp_30d_count",
      "weight_30d_mean",
      "weight_30d_std",
      "weight_30d_trend",
      "weight_30d_count",
      "spo2_30d_mean",
      "spo2_30d_std",
      "spo2_30d_trend",
      "spo2_30d_count",
      "respiratory_rate_30d_mean",
      "respiratory_rate_30d_std",
      "respiratory_rate_30d_trend",
      "respiratory_rate_30d_count",
      "temperature_30d_mean",
      "temperature_30d_std",
      "temperature_30d_trend",
      "temperature_30d_count",
      "heart_rate_90d_mean",
      "heart_rate_90d_std",
      "heart_rate_90d_trend",
      "heart_rate_90d_count",
      "systolic_bp_90d_mean",
      "systolic_bp_90d_std",
      "systolic_bp_90d_trend",
      "systolic_bp_90d_count",
      "diastolic_bp_90d_mean",
      "diastolic_bp_90d_std",
      "diastolic_bp_90d_trend",
      "diastolic_bp_90d_count",
      "weight_90d_mean",
      "weight_90d_std",
      "weight_90d_trend",
      "weight_90d_count",
      "spo2_90d_mean",
      "spo2_90d_std",
      "spo2_90d_trend",
      "spo2_90d_count",
      "respiratory_rate_90d_mean",
      "respiratory_rate_90d_std",
      "respiratory_rate_90d_trend",
      "respiratory_rate_90d_count",
      "temperature_90d_mean",
      "temperature_90d_std",
      "temperature_90d_trend",
      "temperature_90d_count",
      "bnp_last",
      "bnp_count",
      "bnp_days_since",
      "bnp_trend",
      "bnp_change_pct",
      "creatinine_last",
      "creatinine_count",
      "creatinine_days_since",
      "creatinine_trend",
      "creatinine_change_pct",
      "hba1c_last",
      "hba1c_count",
      "hba1c_days_since",
      "hba1c_trend",
      "hba1c_change_pct",
      "glucose_last",
      "glucose_count",
      "glucose_days_since",
      "glucose_trend",
      "glucose_change_pct",
      "hemoglobin_last",
      "hemoglobin_count",
      "hemoglobin_days_since",
      "hemoglobin_trend",
      "hemoglobin_change_pct",
      "medication_count",
      "polypharmacy",
      "adherence_mean",
      "recent_med_changes",
      "on_ace_inhibitor",
      "on_beta_blocker",
      "on_diuretic",
      "encounters_30d",
      "emergency_visits_30d",
      "inpatient_visits_30d",
      "outpatient_visits_30d",
      "encounters_90d",
      "emergency_visits_90d",
      "inpatient_visits_90d",
      "outpatient_visits_90d",
      "encounters_365d",
      "emergency_visits_365d",
      "inpatient_visits_365d",
      "outpatient_visits_365d",
      "days_since_last_visit",
      "readmissions_30d",
      "activity_minutes_mean_30d",
      "sleep_quality_mean_30d",
      "smoking_encoded",
      "month",
      "day_of_week",
      "quarter",
      "season",
      "is_holiday_season",
      "frailty_score",
      "instability_score",
      "heart_rate_7d_min",
      "heart_rate_7d_max",
      "heart_rate_7d_last",
      "systolic_bp_7d_min",
      "systolic_bp_7d_max",
      "systolic_bp_7d_last",
      "diastolic_bp_7d_min",
      "diastolic_bp_7d_max",
      "diastolic_bp_7d_last",
      "weight_7d_min",
      "weight_7d_max",
      "weight_7d_last",
      "heart_rate_14d_min",
      "heart_rate_14d_max",
      "heart_rate_14d_last",
      "systolic_bp_14d_min",
      "systolic_bp_14d_max",
      "systolic_bp_14d_last",
      "diastolic_bp_14d_min",
      "diastolic_bp_14d_max",
      "diastolic_bp_14d_last",
      "weight_14d_min",
      "weight_14d_max",
      "weight_14d_last",
      "heart_rate_30d_min",
      "heart_rate_30d_max",
      "heart_rate_30d_last",
      "systolic_bp_30d_min",
      "systolic_bp_30d_max",
      "systolic_bp_30d_last",
      "diastolic_bp_30d_min",
      "diastolic_bp_30d_max",
      "diastolic_bp_30d_last",
      "weight_30d_min",
      "weight_30d_max",
      "weight_30d_last",
      "heart_rate_90d_min",
      "heart_rate_90d_max",
      "heart_rate_90d_last",
      "systolic_bp_90d_min",
      "systolic_bp_90d_max",
      "systolic_bp_90d_last",
      "diastolic_bp_90d_min",
      "diastolic_bp_90d_max",
      "diastolic_bp_90d_last",
      "weight_90d_min",
      "weight_90d_max",
      "weight_90d_last",
      "pulse_pressure",
      "activity_minutes_std_30d",
      "activity_minutes_trend_30d",
      "heart_rate_7d_variability",
      "systolic_bp_7d_variability",
      "diastolic_bp_7d_variability",
      "weight_7d_variability",
      "heart_rate_14d_variability",
      "systolic_bp_14d_variability",
      "diastolic_bp_14d_variability",
      "weight_14d_variability",
      "heart_rate_30d_variability",
      "systolic_bp_30d_variability",
      "diastolic_bp_30d_variability",
      "weight_30d_variability",
      "heart_rate_90d_variability",
