{
  "test_metrics": {
    "accuracy": 0.7230769230769231,
    "precision": 0.8214285714285714,
    "recall": 0.8518518518518519,
    "f1": 0.8363636363636363,
    "auc": 0.45959595959595956,
    "avg_precision": 0.8267271810077554,
    "brier_score": 0.27394711218365225
  },
  "val_metrics": {
    "accuracy": 0.7692307692307693,
    "precision": 0.8545454545454545,
    "recall": 0.8703703703703703,
    "f1": 0.8623853211009175,
    "auc": 0.5168350168350169,
    "avg_precision": 0.8295605491551948,
    "brier_score": 0.21213015309813754
  },
  "best_params": {
    "n_estimators": 100,
    "max_depth": 20,
    "min_samples_split": 2,
    "min_samples_leaf": 2
  },
  "feature_importance": [
    0.0010521936973372755,
    0.001164973531559917,
    0.0,
    0.0,
    0.0,
    0.0,
    0.0,
    0.0,
    0.0,
    0.002333463925979054,
    0.007746905751354136,
    0.006928903271446747,
    0.0,
    0.0005535396859909633,
    0.0011998462181330549,
    0.0042791970025861945,
    0.0,
    0.0016760309874615262,
    0.0,
    0.00029096629749168144,
    0.0,
    0.000623893678265592,
    0.0011324976491762257,
    0.004205669326801636,
    0.0,
    0.0,
    0.0,
    0.0,
    0.0,
    0.0,
    0.0,
    0.0013774261540557542,
    0.0009896869139478608,
    0.003853664064743302,
    0.0,
    0.0027603737363942576,
    0.0022381930045157765,
    0.0026091068701257513,
    0.0,
    0.001138295719921861,
    0.0020814535806671715,
    0.000490288159908901,
    0.00017535491198182853,
    0.0014859913621903603,
    0.001890226708542543,
    0.0030697614231596348,
    0.0008696779427872021,
    0.0,
    0.0,
    0.0,
    0.0,
    0.0,
    0.0,
    0.00234122750591084,
    0.0020183753094511645,
    0.0014475895849730732,
    0.0011257083068481307,
    0.0015823656201585023,
    0.0029195575567043286,
    0.00018562695432993535,
    0.005459582822912799,
    0.0014863838159777584,
    0.0005670286540697549,
    0.0006742373259388751,
    0.007115948406790187,
    0.0013652363704843024,
    0.002677489387242493,
    0.0009028171932781917,
    0.003394439334698574,
    0.0,
    0.0,
    0.0,
    0.0,
    0.0,
    0.0,
    0.0023174376174826417,
    0.0009433308400494389,
    0.0024801362749798743,
    0.13038151664533065,
    0.0018983623416827188,
    0.0012362385814406402,
    0.0015627732305416736,
    0.08092589430014002,
    0.002116513848704538,
    0.0028114019865325647,
    0.005368728678120115,
    0.11020929842444166,
    0.0015903234984516296,
    0.009569620623689358,
    0.0010271679751719842,
    0.13523180177937072,
    0.0,
    0.0,
    0.0,
    0.0,
    0.0,
    0.0,
    0.0,
    0.0,
    0.0,
    0.0,
    0.0,
    0.0,
    0.0,
    0.0,
    0.0,
    0.0,
    0.0,
    0.0,
    0.0,
    0.0,
    0.0,
    0.0,
    0.0,
    0.0,
    0.0,
    0.0,
    0.0,
    0.0,
    0.0,
    0.0,
    0.0,
    0.0,
    0.0,
    0.0,
    0.0,
    0.0,
    0.0,
    0.0,
    0.0,
    0.0,
    0.0,
    0.0,
    0.0,
    0.0,
    0.0,
    0.0,
    0.0009444954899780692,
    0.0,
    0.049940015410415296,
    0.0033906427093750567,
    0.0018222327157477276,
    0.013034657778232133,
    0.0,
    6.424018506498911e-05,
    0.0,
    5.484560662198797e-05,
    0.002092628589935752,
    0.0005013714751040067,
    0.000931168505590494,
    0.0,
    0.0011121768931919278,
    0.0001832497060262776,
    0.0006102330878899479,
    0.0030441378562351923,
    0.0006959443801757123,
    0.0025431773337758045,
    0.0033897347251356695,
    0.0006239004387886219,
    0.0005350518594141227,
    0.0,
    0.0002953087144551231,
    0.0010902065666206346,
    0.0010655572519821096,
    0.0005899362952252955,
    0.0003637905847980775,
    0.002164968966726055,
    0.004591400984113003,
    0.0010763253621696239,
    0.0004210614582999363,
    0.0011419910124268163,
    0.00017145497950733101,
    0.0,
    0.00042043645517876024,
    8.789201476757747e-05,
    0.0003605638308378861,
    0.0013471768265934992,
    0.00042673714253336174,
    0.0011853781886636613,
    0.0005213711028753367,
    0.0025000066741925186,
    0.004157532887834281,
    9.176692423896583e-05,
    0.0,
    0.0004015793889562295,
    0.0003052899228776502,
    0.0004168192844357519,
    0.0004303397301848391,
    0.00030913828248698116,
    0.0011572064075889507,
    0.001367373868940913,
    0.0007806871033221119,
    0.0023701615386334056,
    0.0038230662640364767,
    0.0008823033444823842,
    0.0006701137896963676,
    0.00048522991356517576,
    0.007355015386044887,
    0.0030453172809739347,
    0.00397250438013125,
    0.0009449918030418322,
    0.006078917330092547,
    6.757189438869812e-05,
    0.0038681443968205252,
    0.0012271691623822608,
    0.002664209213458145,
    0.0011666244736869486,
    6.964454160545309e-05,
    0.0009316031296515221,
    0.002491649216165566,
    0.0010374569477457848,
    0.0021860248734186945,
    0.007949502782351505,
    0.019342176526425007,
    0.015668211711220133,
    0.02054512269124355,
    0.018755401739916314,
    0.03209691281488155,
    0.031019775220523148,
    0.02065920334912873,
    0.03358635540784744,
    0.003374978518014473,
    0.015346004546042312,
    0.011203968486703787,
    0.027209721993722756
  ]
}