{
  "test_metrics": {
    "accuracy": 0.8,
    "precision": 0.8360655737704918,
    "recall": 0.9444444444444444,
    "f1": 0.8869565217391304,
    "auc": 0.7474747474747475,
    "avg_precision": 0.9480431305356026,
    "brier_score": 0.18199606382645017
  },
  "val_metrics": {
    "accuracy": 0.8615384615384616,
    "precision": 0.8688524590163934,
    "recall": 0.9814814814814815,
    "f1": 0.9217391304347826,
    "auc": 0.9107744107744108,
    "avg_precision": 0.98243578998808,
    "brier_score": 0.1187289483852527
  },
  "best_params": {},
  "feature_importance": {
    "f10": 1.0,
    "f11": 10.0,
    "f15": 1.0,
    "f19": 1.0,
    "f21": 4.0,
    "f22": 2.0,
    "f23": 17.0,
    "f32": 1.0,
    "f33": 1.0,
    "f36": 1.0,
    "f37": 10.0,
    "f40": 3.0,
    "f43": 1.0,
    "f44": 1.0,
    "f45": 1.0,
    "f54": 1.0,
    "f55": 1.0,
    "f56": 24.0,
    "f57": 2.0,
    "f58": 1.0,
    "f59": 5.0,
    "f60": 5.0,
    "f61": 4.0,
    "f64": 1.0,
    "f66": 1.0,
    "f67": 1.0,
    "f76": 2.0,
    "f77": 2.0,
    "f78": 90.0,
    "f79": 2.0,
    "f80": 1.0,
    "f81": 13.0,
    "f82": 10.0,
    "f84": 2.0,
    "f86": 1.0,
    "f137": 17.0,
    "f142": 1.0,
    "f144": 1.0,
    "f154": 1.0,
    "f170": 2.0,
    "f192": 1.0,
    "f195": 3.0,
    "f197": 5.0,
    "f198": 4.0,
    "f200": 1.0,
    "f201": 4.0,
    "f203": 4.0,
    "f204": 16.0,
    "f207": 4.0,
    "f208": 4.0,
    "f209": 2.0,
    "f212": 8.0
  }
}